"","Y1Q7ST","Y1CERTST","pct","n","unweighted_n"
"1","A gauche","1",14.0987507844401,2531.36665408847,2475
"2","A gauche","2",19.0531952284324,2531.36665408847,2475
"3","A gauche","3",66.8480539871275,2531.36665408847,2475
"4","Ni à gauche, ni à droite","1",12.3219348740034,3468.36765847328,3560
"5","Ni à gauche, ni à droite","2",23.4129987957783,3468.36765847328,3560
"6","Ni à gauche, ni à droite","3",64.2650663302183,3468.36765847328,3560
"7","A droite","1",9.93935909676358,3365.61608562258,3440
"8","A droite","2",15.6351256261531,3365.61608562258,3440
"9","A droite","3",74.4255152770833,3365.61608562258,3440
