"","Y4EMPST","Y4CERTST","pct","n","unweighted_n"
"1","Salarié","1",11.4993131649702,5532.55002417421,5562
"2","Salarié","2",18.4351808077285,5532.55002417421,5562
"3","Salarié","3",70.0655060273013,5532.55002417421,5562
"4","Indépendant","1",11.7638059159163,422.427172790769,365
"5","Indépendant","2",15.4531503255014,422.427172790769,365
"6","Indépendant","3",72.7830437585823,422.427172790769,365
"7","Sans emploi","1",8.02597675353199,4696.022803035,4724
"8","Sans emploi","2",12.4597514429402,4696.022803035,4724
"9","Sans emploi","3",79.5142718035278,4696.022803035,4724
