"","Y4SEXEST","Y4CERTST","pct","n","unweighted_n"
"1","Homme","1",9.3135326613413,5079.43694281858,5223
"2","Homme","2",13.94404690428,5079.43694281858,5223
"3","Homme","3",76.7424204343787,5079.43694281858,5223
"4","Femme","1",10.5845601998889,5571.5630571814,5428
"5","Femme","2",17.2671043218949,5571.5630571814,5428
"6","Femme","3",72.1483354782163,5571.5630571814,5428
