"","Y1EMPST","Y1CERTST","pct","n","unweighted_n"
"1","Salarié","1",16.7794945736237,5587.71611089093,5507
"2","Salarié","2",23.0860050261525,5587.71611089093,5507
"3","Salarié","3",60.1345004002238,5587.71611089093,5507
"4","Indépendant","1",17.9470293266812,419.008088588747,400
"5","Indépendant","2",19.2525177466153,419.008088588747,400
"6","Indépendant","3",62.8004529267035,419.008088588747,400
"7","Sans emploi","1",11.5270255982306,4624.27580052031,4724
"8","Sans emploi","2",17.1610278093086,4624.27580052031,4724
"9","Sans emploi","3",71.3119465924608,4624.27580052031,4724
