"","Y4Q7ST","Y4CERTST","pct","n","unweighted_n"
"1","A gauche","1",9.089495386507,2572.09528528404,2497
"2","A gauche","2",15.7713630134282,2572.09528528404,2497
"3","A gauche","3",75.1391416000648,2572.09528528404,2497
"4","Ni à gauche, ni à droite","1",9.8185561706601,3417.76197130346,3468
"5","Ni à gauche, ni à droite","2",17.7911717830873,3417.76197130346,3468
"6","Ni à gauche, ni à droite","3",72.3902720462526,3417.76197130346,3468
"7","A droite","1",5.72758243013597,3482.82997100905,3569
"8","A droite","2",10.1584704410771,3482.82997100905,3569
"9","A droite","3",84.1139471287869,3482.82997100905,3569
