"","Y2SEXEST","Y2CERTST","pct","n","unweighted_n"
"1","Homme","1",13.5789013978346,5575.40932367434,5741
"2","Homme","2",18.2707603820883,5575.40932367434,5741
"3","Homme","3",68.1503382200771,5575.40932367434,5741
"4","Femme","1",15.8398467907789,6115.5906763256,5950
"5","Femme","2",22.9817970055197,6115.5906763256,5950
"6","Femme","3",61.1783562037013,6115.5906763256,5950
