"","Y4ECO2ST2","Y4CERTST","pct","n","unweighted_n"
"1","Moins de 2 000 euros","1",11.870807909569,2983.39237797658,2705
"2","Moins de 2 000 euros","2",48.44753552386,2983.39237797658,2705
"3","Moins de 2 000 euros","3",39.6816565665711,2983.39237797658,2705
"4","De 2 000 à 4 999 euros","1",8.99804095030256,5879.20684878578,6004
"5","De 2 000 à 4 999 euros","2",43.7614652077356,5879.20684878578,6004
"6","De 2 000 à 4 999 euros","3",47.2404938419619,5879.20684878578,6004
"7","5 000 euros et plus","1",6.85391065213957,869.323289730902,1012
"8","5 000 euros et plus","2",40.4525439567906,869.323289730902,1012
"9","5 000 euros et plus","3",52.6935453910698,869.323289730902,1012
