"","Y1AGERST","Y1CERTST","pct","n","unweighted_n"
"1","18 à 34 ans","1",17.5579299765885,2722.32657488345,1680
"2","18 à 34 ans","2",56.6359296081198,2722.32657488345,1680
"3","18 à 34 ans","3",25.8061404152917,2722.32657488345,1680
"4","35 à 59 ans","1",17.5117771521708,4143.55119330502,4659
"5","35 à 59 ans","2",49.7173262988449,4143.55119330502,4659
"6","35 à 59 ans","3",32.7708965489844,4143.55119330502,4659
"7","60 ans et plus","1",9.08968727798624,3765.12223181151,4292
"8","60 ans et plus","2",42.0598765596941,3765.12223181151,4292
"9","60 ans et plus","3",48.8504361623197,3765.12223181151,4292
