"","Y3ECO2ST2","Y3CERTST","pct","n","unweighted_n"
"1","Moins de 2 000 euros","1",14.4208413243631,3315.63345822709,2936
"2","Moins de 2 000 euros","2",47.8715979893983,3315.63345822709,2936
"3","Moins de 2 000 euros","3",37.7075606862386,3315.63345822709,2936
"4","De 2 000 à 4 999 euros","1",9.34783490050825,6461.27787749071,6652
"5","De 2 000 à 4 999 euros","2",43.6581669249828,6461.27787749071,6652
"6","De 2 000 à 4 999 euros","3",46.9939981745089,6461.27787749071,6652
"7","5 000 euros et plus","1",7.1074107604338,974.385020703924,1135
"8","5 000 euros et plus","2",38.9266767281774,974.385020703924,1135
"9","5 000 euros et plus","3",53.9659125113888,974.385020703924,1135
