"","Y2EDUR2","Y2CERTST","pct","n","unweighted_n"
"1","Aucun diplôme, CEP, BEPC, CAP, BEP","1",16.1213870563898,2704.18170376321,2525
"2","Aucun diplôme, CEP, BEPC, CAP, BEP","2",48.6461102250015,2704.18170376321,2525
"3","Aucun diplôme, CEP, BEPC, CAP, BEP","3",35.2325027186087,2704.18170376321,2525
"4","BAC, Diplôme supérieur","1",14.352442503894,8986.81829623672,9166
"5","BAC, Diplôme supérieur","2",52.8136889621286,8986.81829623672,9166
"6","BAC, Diplôme supérieur","3",32.8338685339773,8986.81829623672,9166
